Comment,Designator,Footprint,LCSC Part #
4.7kΩ ±1% 0402,"R1,R2",R0402,C25900
5.1kΩ ±1% 0402,"R3,R4",R0402,C25905
10kΩ ±1% 0402,"R5,R6,R7",R0402,C25744
100nF 16V X7R 0402,"C1,C2",C0402,C1525
10uF 10V X5R 0603,"C3,C5",C0603,C19702
22uF 25V X5R 0805,C4,C0805,C45783
1uF 25V X5R 0402,C6,C0402,C52923
ESP32-C3-MINI-1-N4,U1,ESP32-C3-MINI-1,C2838502
SDP31-500Pa,U2,SDP31 (8x5 mm),C7075281
AMS1117-3.3,U3,SOT-223,C6186
USBLC6-2SC6,U4,SOT-23-6,C7519
TYPE-C 16PIN 2MD(073),J1,USB-C SMD 16P,C2765186
TS-1187A-B-A-B,"SW1,SW2",SW-SMD 5.1x5.1,C318884
